{
  "success": true,
  "data": {
    "frequencies": {
      "1": 1.5305539691604797,
      "2": 1.4962878355225586,
      "3": 1.5533980582524272,
      "4": 1.4163335237007424,
      "5": 1.4163335237007424,
      "6": 1.4962878355225586,
      "7": 1.4962878355225586,
      "8": 1.484865790976585,
      "9": 1.5077098800685322,
      "10": 1.5648201027984008,
      "11": 1.6219303255282695,
      "12": 1.6790405482581383,
      "13": 1.3592233009708738,
      "14": 1.5191319246145059,
      "15": 1.3820673900628213,
      "16": 1.5191319246145059,
      "17": 1.5419760137064535,
      "18": 1.4505996573386637,
      "19": 1.5876641918903485,
      "20": 1.5648201027984008,
      "21": 1.7133066818960592,
      "22": 1.5648201027984008,
      "23": 1.7247287264420332,
      "24": 1.5077098800685322,
      "25": 1.3592233009708738,
      "26": 1.3021130782410053,
      "27": 1.6447744146202168,
      "28": 1.6561964591661908,
      "29": 1.3592233009708738,
      "30": 1.5191319246145059,
      "31": 1.5077098800685322,
      "32": 1.736150770988007,
      "33": 1.6447744146202168,
      "34": 1.3478012564249,
      "35": 1.3249571673329525,
      "36": 1.7589948600799543,
      "37": 1.5533980582524272,
      "38": 1.5305539691604797,
      "39": 1.7932609937178754,
      "40": 1.5419760137064535,
      "41": 1.5533980582524272,
      "42": 1.3706453455168475,
      "43": 1.393489434608795,
      "44": 1.5876641918903485,
      "45": 1.6561964591661908,
      "46": 1.3249571673329525,
      "47": 1.6219303255282695,
      "48": 1.4163335237007424,
      "49": 1.3820673900628213,
      "50": 1.4505996573386637,
      "51": 1.393489434608795,
      "52": 1.5876641918903485,
      "53": 1.5305539691604797,
      "54": 1.6333523700742432,
      "55": 1.4962878355225586,
      "56": 1.4620217018846373,
      "57": 1.4620217018846373,
      "58": 1.4620217018846373,
      "59": 1.6219303255282695,
      "60": 0.8680753854940035,
      "61": 1.2107367218732152,
      "62": 1.0736721873215305,
      "63": 1.1079383209594518,
      "64": 1.1079383209594518,
      "65": 0.8223872073101084,
      "66": 0.9708737864077669,
      "67": 1.016561964591662,
      "68": 0.9937178754997145,
      "69": 1.1422044545973729
    }
  },
  "message": ""
}