{
  "success": true,
  "data": {
    "frequencies": {
      "1": 1.456842105263158,
      "2": 1.743157894736842,
      "3": 1.7178947368421054,
      "4": 1.625263157894737,
      "5": 1.5494736842105263,
      "6": 1.5578947368421052,
      "7": 1.6084210526315792,
      "8": 1.6336842105263156,
      "9": 1.566315789473684,
      "10": 1.877894736842105,
      "11": 1.6589473684210525,
      "12": 1.591578947368421,
      "13": 1.566315789473684,
      "14": 1.8357894736842104,
      "15": 1.5831578947368423,
      "16": 1.625263157894737,
      "17": 1.8105263157894735,
      "18": 1.6757894736842103,
      "19": 1.5242105263157895,
      "20": 1.8694736842105264,
      "21": 1.5410526315789475,
      "22": 1.6505263157894738,
      "23": 1.4063157894736842,
      "24": 1.7178947368421054,
      "25": 1.6757894736842103,
      "26": 1.5831578947368423,
      "27": 1.591578947368421,
      "28": 1.6505263157894738,
      "29": 1.743157894736842,
      "30": 1.5747368421052632,
      "31": 1.911578947368421,
      "32": 1.6336842105263156,
      "33": 1.5157894736842104,
      "34": 1.4484210526315788,
      "35": 1.5747368421052632,
      "36": 1.566315789473684,
      "37": 1.4736842105263157,
      "38": 1.6926315789473685,
      "39": 1.7263157894736842,
      "40": 1.5494736842105263,
      "41": 1.5242105263157895,
      "42": 1.625263157894737,
      "43": 1.4989473684210526,
      "44": 1.6421052631578947,
      "45": 1.5494736842105263,
      "46": 1.8105263157894735,
      "47": 1.3810526315789475,
      "48": 1.7094736842105263,
      "49": 1.5073684210526315,
      "50": 1.591578947368421,
      "51": 1.743157894736842,
      "52": 1.6336842105263156,
      "53": 1.4736842105263157,
      "54": 1.2547368421052632,
      "55": 1.111578947368421,
      "56": 1.3136842105263158,
      "57": 0.6821052631578948,
      "58": 0.7747368421052632,
      "59": 0.6821052631578948,
      "60": 0.5726315789473685,
      "61": 0.6568421052631579,
      "62": 0.6989473684210527,
      "63": 0.5978947368421053,
      "64": 0.7242105263157894,
      "65": 0.5726315789473685,
      "66": 0.7915789473684212,
      "67": 0.5389473684210526,
      "68": 0.6568421052631579,
      "69": 0.6568421052631579,
      "70": 0.64,
      "71": 0.18526315789473682,
      "72": 0.16842105263157894,
      "73": 0.26105263157894737,
      "74": 0.25263157894736843,
      "75": 0.21052631578947367
    }
  },
  "message": ""
}