{
  "success": true,
  "data": {
    "megaball_frequencies": {
      "1": 3.578947368421052,
      "2": 3.1157894736842104,
      "3": 3.7894736842105265,
      "4": 3.7473684210526317,
      "5": 2.736842105263158,
      "6": 3.536842105263158,
      "7": 3.8315789473684214,
      "8": 3.0315789473684207,
      "9": 3.873684210526316,
      "10": 3.7473684210526317,
      "11": 3.7052631578947373,
      "12": 3.2,
      "13": 3.7473684210526317,
      "14": 3.1578947368421053,
      "15": 3.621052631578947,
      "16": 1.936842105263158,
      "17": 2.189473684210526,
      "18": 2.526315789473684,
      "19": 2.526315789473684,
      "20": 2.3578947368421055,
      "21": 2.568421052631579,
      "22": 2.905263157894737,
      "23": 1.7263157894736842,
      "24": 2.694736842105263,
      "25": 2.442105263157895,
      "26": 1.0526315789473684,
      "27": 0.8842105263157894,
      "28": 0.7157894736842105,
      "29": 1.1368421052631579,
      "30": 1.0105263157894737,
      "31": 1.0526315789473684,
      "32": 0.7157894736842105,
      "33": 1.1368421052631579,
      "34": 1.431578947368421,
      "35": 1.2210526315789474,
      "36": 1.5578947368421052,
      "37": 0.8421052631578947,
      "38": 1.3894736842105264,
      "39": 1.0526315789473684,
      "40": 1.0105263157894737,
      "41": 0.9263157894736843,
      "42": 1.2210526315789474,
      "43": 0.8842105263157894,
      "44": 1.094736842105263,
      "45": 0.968421052631579,
      "46": 0.968421052631579,
      "47": 0.2947368421052632,
      "48": 0.16842105263157894,
      "49": 0.2947368421052632,
      "50": 0.16842105263157894,
      "51": 0.042105263157894736,
      "52": 0.46315789473684216
    }
  },
  "message": ""
}