{
  "success": true,
  "data": {
    "position_frequencies": {
      "position_1": {
        "1": 7.284210526315789,
        "2": 8.126315789473685,
        "3": 7.7894736842105265,
        "4": 6.442105263157895,
        "5": 5.3052631578947365,
        "6": 5.557894736842106,
        "7": 5.6421052631578945,
        "8": 5.347368421052632,
        "9": 4.5473684210526315,
        "10": 4.757894736842106,
        "11": 4.168421052631579,
        "12": 3.0315789473684207,
        "13": 2.6526315789473682,
        "14": 3.7052631578947373,
        "15": 2.4842105263157896,
        "16": 2.736842105263158,
        "17": 2.2736842105263158,
        "18": 2.1052631578947367,
        "19": 1.3894736842105264,
        "20": 1.9789473684210528,
        "21": 1.431578947368421,
        "22": 1.263157894736842,
        "23": 1.0526315789473684,
        "24": 1.1368421052631579,
        "25": 1.3894736842105264,
        "26": 0.5894736842105264,
        "27": 0.9263157894736843,
        "28": 0.8421052631578947,
        "29": 0.7578947368421052,
        "30": 0.42105263157894735,
        "31": 0.46315789473684216,
        "32": 0.2947368421052632,
        "33": 0.3789473684210526,
        "34": 0.3789473684210526,
        "35": 0.08421052631578947,
        "36": 0.2947368421052632,
        "37": 0.25263157894736843,
        "38": 0.08421052631578947,
        "39": 0.16842105263157894,
        "40": 0.042105263157894736,
        "41": 0.12631578947368421,
        "43": 0.042105263157894736,
        "44": 0.042105263157894736,
        "46": 0.12631578947368421,
        "52": 0.042105263157894736,
        "56": 0.042105263157894736
      },
      "position_2": {
        "2": 0.5894736842105264,
        "3": 0.7578947368421052,
        "4": 1.5578947368421052,
        "5": 2.189473684210526,
        "6": 1.9789473684210528,
        "7": 2.0210526315789474,
        "8": 2.3578947368421055,
        "9": 2.905263157894737,
        "10": 3.663157894736842,
        "11": 3.1578947368421053,
        "12": 3.663157894736842,
        "13": 3.7052631578947373,
        "14": 3.7052631578947373,
        "15": 3.7894736842105265,
        "16": 3.3684210526315788,
        "17": 4,
        "18": 3.3263157894736843,
        "19": 3.2,
        "20": 3.7052631578947373,
        "21": 2.736842105263158,
        "22": 3.494736842105263,
        "23": 2.736842105263158,
        "24": 3.1157894736842104,
        "25": 2.526315789473684,
        "26": 2.442105263157895,
        "27": 2.189473684210526,
        "28": 2.231578947368421,
        "29": 2.568421052631579,
        "30": 2.3157894736842106,
        "31": 2.526315789473684,
        "32": 1.8947368421052633,
        "33": 1.5578947368421052,
        "34": 1.431578947368421,
        "35": 1.7263157894736842,
        "36": 0.9263157894736843,
        "37": 1.263157894736842,
        "38": 1.1789473684210527,
        "39": 0.8842105263157894,
        "40": 0.7578947368421052,
        "41": 0.7578947368421052,
        "42": 0.7157894736842105,
        "43": 0.968421052631579,
        "44": 0.5473684210526315,
        "45": 0.631578947368421,
        "46": 0.25263157894736843,
        "47": 0.25263157894736843,
        "48": 0.21052631578947367,
        "49": 0.21052631578947367,
        "50": 0.2947368421052632,
        "51": 0.12631578947368421,
        "52": 0.08421052631578947,
        "53": 0.12631578947368421,
        "54": 0.16842105263157894,
        "55": 0.08421052631578947,
        "56": 0.042105263157894736,
        "58": 0.12631578947368421,
        "59": 0.042105263157894736,
        "60": 0.042105263157894736,
        "61": 0.042105263157894736,
        "62": 0.042105263157894736,
        "64": 0.042105263157894736,
        "66": 0.042105263157894736
      },
      "position_3": {
        "3": 0.042105263157894736,
        "4": 0.12631578947368421,
        "5": 0.21052631578947367,
        "6": 0.25263157894736843,
        "7": 0.3368421052631579,
        "8": 0.3789473684210526,
        "9": 0.3789473684210526,
        "10": 0.9263157894736843,
        "11": 0.8421052631578947,
        "12": 1.1368421052631579,
        "13": 1.3473684210526315,
        "14": 1.6,
        "15": 1.3894736842105264,
        "16": 1.5157894736842104,
        "17": 2.442105263157895,
        "18": 1.9789473684210528,
        "19": 2.2736842105263158,
        "20": 2.863157894736842,
        "21": 2.568421052631579,
        "22": 2.2736842105263158,
        "23": 2.3157894736842106,
        "24": 3.1578947368421053,
        "25": 2.8210526315789473,
        "26": 3.536842105263158,
        "27": 3.2,
        "28": 2.8210526315789473,
        "29": 2.9473684210526314,
        "30": 2.778947368421053,
        "31": 3.7052631578947373,
        "32": 2.736842105263158,
        "33": 2.8210526315789473,
        "34": 2.736842105263158,
        "35": 2.8210526315789473,
        "36": 2.4842105263157896,
        "37": 2.778947368421053,
        "38": 2.2736842105263158,
        "39": 2.778947368421053,
        "40": 2.231578947368421,
        "41": 2.0631578947368423,
        "42": 2.1473684210526316,
        "43": 1.8526315789473686,
        "44": 2.189473684210526,
        "45": 1.7263157894736842,
        "46": 1.7263157894736842,
        "47": 1.3473684210526315,
        "48": 1.5157894736842104,
        "49": 0.8842105263157894,
        "50": 0.968421052631579,
        "51": 1.094736842105263,
        "52": 0.631578947368421,
        "53": 1.3894736842105264,
        "54": 0.6736842105263158,
        "55": 0.46315789473684216,
        "56": 0.6736842105263158,
        "57": 0.3368421052631579,
        "58": 0.5052631578947369,
        "59": 0.42105263157894735,
        "60": 0.3368421052631579,
        "61": 0.3789473684210526,
        "62": 0.21052631578947367,
        "63": 0.21052631578947367,
        "64": 0.042105263157894736,
        "65": 0.12631578947368421,
        "66": 0.08421052631578947,
        "67": 0.08421052631578947,
        "68": 0.08421052631578947
      },
      "position_4": {
        "5": 0.042105263157894736,
        "7": 0.042105263157894736,
        "8": 0.08421052631578947,
        "10": 0.042105263157894736,
        "11": 0.12631578947368421,
        "12": 0.12631578947368421,
        "13": 0.12631578947368421,
        "14": 0.12631578947368421,
        "15": 0.25263157894736843,
        "16": 0.5052631578947369,
        "17": 0.2947368421052632,
        "18": 0.8421052631578947,
        "19": 0.7578947368421052,
        "20": 0.7578947368421052,
        "21": 0.8421052631578947,
        "22": 1.0105263157894737,
        "23": 0.7578947368421052,
        "24": 0.968421052631579,
        "25": 1.3894736842105264,
        "26": 1.263157894736842,
        "27": 1.2210526315789474,
        "28": 2.1052631578947367,
        "29": 2.0210526315789474,
        "30": 1.8105263157894735,
        "31": 2.1052631578947367,
        "32": 2.6105263157894734,
        "33": 2.1052631578947367,
        "34": 1.9789473684210528,
        "35": 2.442105263157895,
        "36": 2.9473684210526314,
        "37": 2.568421052631579,
        "38": 3.3684210526315788,
        "39": 3.1578947368421053,
        "40": 3.2421052631578946,
        "41": 2.863157894736842,
        "42": 3.536842105263158,
        "43": 2.4,
        "44": 2.736842105263158,
        "45": 3.1578947368421053,
        "46": 4.042105263157895,
        "47": 2.863157894736842,
        "48": 3.2842105263157895,
        "49": 3.1157894736842104,
        "50": 2.526315789473684,
        "51": 2.6526315789473682,
        "52": 2.2736842105263158,
        "53": 2.0210526315789474,
        "54": 2.1052631578947367,
        "55": 1.094736842105263,
        "56": 1.4736842105263157,
        "57": 1.431578947368421,
        "58": 1.768421052631579,
        "59": 1.094736842105263,
        "60": 1.0526315789473684,
        "61": 1.3473684210526315,
        "62": 1.3473684210526315,
        "63": 1.0105263157894737,
        "64": 0.968421052631579,